tiempo_s,amplitud
0.00000000,0.74686047
0.00005556,0.76062298
0.00011111,0.77405185
0.00016667,0.78714120
0.00022222,0.79988529
0.00027778,0.81227851
0.00033333,0.82431545
0.00038889,0.83599081
0.00044444,0.84729948
0.00050000,0.85823649
0.00055556,0.86879706
0.00061111,0.87897654
0.00066667,0.88877047
0.00072222,0.89817456
0.00077778,0.90718468
0.00083333,0.91579688
0.00088889,0.92400738
0.00094444,0.93181258
0.00100000,0.93920906
0.00105556,0.94619357
0.00111111,0.95276304
0.00116667,0.95891460
0.00122222,0.96464556
0.00127778,0.96995338
0.00133333,0.97483575
0.00138889,0.97929053
0.00144444,0.98331576
0.00150000,0.98690967
0.00155556,0.99007069
0.00161111,0.99279744
0.00166667,0.99508871
0.00172222,0.99694350
0.00177778,0.99836100
0.00183333,0.99934058
0.00188889,0.99988183
0.00194444,0.99998449
0.00200000,0.99964852
0.00205556,0.99887408
0.00211111,0.99766149
0.00216667,0.99601130
0.00222222,0.99392422
0.00227778,0.99140118
0.00233333,0.98844328
0.00238889,0.98505181
0.00244444,0.98122826
0.00250000,0.97697432
0.00255556,0.97229184
0.00261111,0.96718289
0.00266667,0.96164969
0.00272222,0.95569469
0.00277778,0.94932048
0.00283333,0.94252987
0.00288889,0.93532584
0.00294444,0.92771154
0.00300000,0.91969032
0.00305556,0.91126569
0.00311111,0.90244135
0.00316667,0.89322117
0.00322222,0.88360919
0.00327778,0.87360963
0.00333333,0.86322688
0.00338889,0.85246549
0.00344444,0.84133018
0.00350000,0.82982583
0.00355556,0.81795749
0.00361111,0.80573038
0.00366667,0.79314984
0.00372222,0.78022140
0.00377778,0.76695072
0.00383333,0.75334364
0.00388889,0.73940612
0.00394444,0.72514427
0.00400000,0.71056435
0.00405556,0.69567275
0.00411111,0.68047600
0.00416667,0.66498078
0.00422222,0.64919387
0.00427778,0.63312221
0.00433333,0.61677283
0.00438889,0.60015292
0.00444444,0.58326977
0.00450000,0.56613077
0.00455556,0.54874344
0.00461111,0.53111543
0.00466667,0.51325444
0.00472222,0.49516833
0.00477778,0.47686502
0.00483333,0.45835254
0.00488889,0.43963901
0.00494444,0.42073264
0.00500000,0.40164172
0.00505556,0.38237463
0.00511111,0.36293982
0.00516667,0.34334581
0.00522222,0.32360120
0.00527778,0.30371465
0.00533333,0.28369487
0.00538889,0.26355066
0.00544444,0.24329085
0.00550000,0.22292432
0.00555556,0.20246001
0.00561111,0.18190689
0.00566667,0.16127399
0.00572222,0.14057034
0.00577778,0.11980503
0.00583333,0.09898718
0.00588889,0.07812590
0.00594444,0.05723036
0.00600000,0.03630971
0.00605556,0.01537314
0.00611111,-0.00557018
0.00616667,-0.02651105
0.00622222,-0.04744030
0.00627778,-0.06834873
0.00633333,-0.08922719
0.00638889,-0.11006651
0.00644444,-0.13085754
0.00650000,-0.15159119
0.00655556,-0.17225833
0.00661111,-0.19284992
0.00666667,-0.21335692
0.00672222,-0.23377034
0.00677778,-0.25408121
0.00683333,-0.27428064
0.00688889,-0.29435975
0.00694444,-0.31430975
0.00700000,-0.33412189
0.00705556,-0.35378747
0.00711111,-0.37329786
0.00716667,-0.39264452
0.00722222,-0.41181894
0.00727778,-0.43081273
0.00733333,-0.44961756
0.00738889,-0.46822516
0.00744444,-0.48662738
0.00750000,-0.50481616
0.00755556,-0.52278350
0.00761111,-0.54052154
0.00766667,-0.55802248
0.00772222,-0.57527866
0.00777778,-0.59228250
0.00783333,-0.60902655
0.00788889,-0.62550346
0.00794444,-0.64170600
0.00800000,-0.65762706
0.00805556,-0.67325967
0.00811111,-0.68859697
0.00816667,-0.70363223
0.00822222,-0.71835884
0.00827778,-0.73277037
0.00833333,-0.74686047
0.00838889,-0.76062298
0.00844444,-0.77405185
0.00850000,-0.78714120
0.00855556,-0.79988529
0.00861111,-0.81227851
0.00866667,-0.82431545
0.00872222,-0.83599081
0.00877778,-0.84729948
0.00883333,-0.85823649
0.00888889,-0.86879706
0.00894444,-0.87897654
0.00900000,-0.88877047
0.00905556,-0.89817456
0.00911111,-0.90718468
0.00916667,-0.91579688
0.00922222,-0.92400738
0.00927778,-0.93181258
0.00933333,-0.93920906
0.00938889,-0.94619357
0.00944444,-0.95276304
0.00950000,-0.95891460
0.00955556,-0.96464556
0.00961111,-0.96995338
0.00966667,-0.97483575
0.00972222,-0.97929053
0.00977778,-0.98331576
0.00983333,-0.98690967
0.00988889,-0.99007069
0.00994444,-0.99279744
0.01000000,-0.99508871
0.01005556,-0.99694350
0.01011111,-0.99836100
0.01016667,-0.99934058
0.01022222,-0.99988183
0.01027778,-0.99998449
0.01033333,-0.99964852
0.01038889,-0.99887408
0.01044444,-0.99766149
0.01050000,-0.99601130
0.01055556,-0.99392422
0.01061111,-0.99140118
0.01066667,-0.98844328
0.01072222,-0.98505181
0.01077778,-0.98122826
0.01083333,-0.97697432
0.01088889,-0.97229184
0.01094444,-0.96718289
0.01100000,-0.96164969
0.01105556,-0.95569469
0.01111111,-0.94932048
0.01116667,-0.94252987
0.01122222,-0.93532584
0.01127778,-0.92771154
0.01133333,-0.91969032
0.01138889,-0.91126569
0.01144444,-0.90244135
0.01150000,-0.89322117
0.01155556,-0.88360919
0.01161111,-0.87360963
0.01166667,-0.86322688
0.01172222,-0.85246549
0.01177778,-0.84133018
0.01183333,-0.82982583
0.01188889,-0.81795749
0.01194444,-0.80573038
0.01200000,-0.79314984
0.01205556,-0.78022140
0.01211111,-0.76695072
0.01216667,-0.75334364
0.01222222,-0.73940612
0.01227778,-0.72514427
0.01233333,-0.71056435
0.01238889,-0.69567275
0.01244444,-0.68047600
0.01250000,-0.66498078
0.01255556,-0.64919387
0.01261111,-0.63312221
0.01266667,-0.61677283
0.01272222,-0.60015292
0.01277778,-0.58326977
0.01283333,-0.56613077
0.01288889,-0.54874344
0.01294444,-0.53111543
0.01300000,-0.51325444
0.01305556,-0.49516833
0.01311111,-0.47686502
0.01316667,-0.45835254
0.01322222,-0.43963901
0.01327778,-0.42073264
0.01333333,-0.40164172
0.01338889,-0.38237463
0.01344444,-0.36293982
0.01350000,-0.34334581
0.01355556,-0.32360120
0.01361111,-0.30371465
0.01366667,-0.28369487
0.01372222,-0.26355066
0.01377778,-0.24329085
0.01383333,-0.22292432
0.01388889,-0.20246001
0.01394444,-0.18190689
0.01400000,-0.16127399
0.01405556,-0.14057034
0.01411111,-0.11980503
0.01416667,-0.09898718
0.01422222,-0.07812590
0.01427778,-0.05723036
0.01433333,-0.03630971
0.01438889,-0.01537314
0.01444444,0.00557018
0.01450000,0.02651105
0.01455556,0.04744030
0.01461111,0.06834873
0.01466667,0.08922719
0.01472222,0.11006651
0.01477778,0.13085754
0.01483333,0.15159119
0.01488889,0.17225833
0.01494444,0.19284992
0.01500000,0.21335692
0.01505556,0.23377034
0.01511111,0.25408121
0.01516667,0.27428064
0.01522222,0.29435975
0.01527778,0.31430975
0.01533333,0.33412189
0.01538889,0.35378747
0.01544444,0.37329786
0.01550000,0.39264452
0.01555556,0.41181894
0.01561111,0.43081273
0.01566667,0.44961756
0.01572222,0.46822516
0.01577778,0.48662738
0.01583333,0.50481616
0.01588889,0.52278350
0.01594444,0.54052154
0.01600000,0.55802248
0.01605556,0.57527866
0.01611111,0.59228250
0.01616667,0.60902655
0.01622222,0.62550346
0.01627778,0.64170600
0.01633333,0.65762706
0.01638889,0.67325967
0.01644444,0.68859697
0.01650000,0.70363223
0.01655556,0.71835884
0.01661111,0.73277037
0.01666667,0.74686047
0.01672222,0.76062298
0.01677778,0.77405185
0.01683333,0.78714120
0.01688889,0.79988529
0.01694444,0.81227851
0.01700000,0.82431545
0.01705556,0.83599081
0.01711111,0.84729948
0.01716667,0.85823649
0.01722222,0.86879706
0.01727778,0.87897654
0.01733333,0.88877047
0.01738889,0.89817456
0.01744444,0.90718468
0.01750000,0.91579688
0.01755556,0.92400738
0.01761111,0.93181258
0.01766667,0.93920906
0.01772222,0.94619357
0.01777778,0.95276304
0.01783333,0.95891460
0.01788889,0.96464556
0.01794444,0.96995338
0.01800000,0.97483575
0.01805556,0.97929053
0.01811111,0.98331576
0.01816667,0.98690967
0.01822222,0.99007069
0.01827778,0.99279744
0.01833333,0.99508871
0.01838889,0.99694350
0.01844444,0.99836100
0.01850000,0.99934058
0.01855556,0.99988183
0.01861111,0.99998449
0.01866667,0.99964852
0.01872222,0.99887408
0.01877778,0.99766149
0.01883333,0.99601130
0.01888889,0.99392422
0.01894444,0.99140118
0.01900000,0.98844328
0.01905556,0.98505181
0.01911111,0.98122826
0.01916667,0.97697432
0.01922222,0.97229184
0.01927778,0.96718289
0.01933333,0.96164969
0.01938889,0.95569469
0.01944444,0.94932048
0.01950000,0.94252987
0.01955556,0.93532584
0.01961111,0.92771154
0.01966667,0.91969032
0.01972222,0.91126569
0.01977778,0.90244135
0.01983333,0.89322117
0.01988889,0.88360919
0.01994444,0.87360963
0.02000000,0.86322688
0.02005556,0.85246549
0.02011111,0.84133018
0.02016667,0.82982583
0.02022222,0.81795749
0.02027778,0.80573038
0.02033333,0.79314984
0.02038889,0.78022140
0.02044444,0.76695072
0.02050000,0.75334364
0.02055556,0.73940612
0.02061111,0.72514427
0.02066667,0.71056435
0.02072222,0.69567275
0.02077778,0.68047600
0.02083333,0.66498078
0.02088889,0.64919387
0.02094444,0.63312221
0.02100000,0.61677283
0.02105556,0.60015292
0.02111111,0.58326977
0.02116667,0.56613077
0.02122222,0.54874344
0.02127778,0.53111543
0.02133333,0.51325444
0.02138889,0.49516833
0.02144444,0.47686502
0.02150000,0.45835254
0.02155556,0.43963901
0.02161111,0.42073264
0.02166667,0.40164172
0.02172222,0.38237463
0.02177778,0.36293982
0.02183333,0.34334581
0.02188889,0.32360120
0.02194444,0.30371465
0.02200000,0.28369487
0.02205556,0.26355066
0.02211111,0.24329085
0.02216667,0.22292432
0.02222222,0.20246001
0.02227778,0.18190689
0.02233333,0.16127399
0.02238889,0.14057034
0.02244444,0.11980503
0.02250000,0.09898718
0.02255556,0.07812590
0.02261111,0.05723036
0.02266667,0.03630971
0.02272222,0.01537314
0.02277778,-0.00557018
0.02283333,-0.02651105
0.02288889,-0.04744030
0.02294444,-0.06834873
0.02300000,-0.08922719
0.02305556,-0.11006651
0.02311111,-0.13085754
0.02316667,-0.15159119
0.02322222,-0.17225833
0.02327778,-0.19284992
0.02333333,-0.21335692
0.02338889,-0.23377034
0.02344444,-0.25408121
0.02350000,-0.27428064
0.02355556,-0.29435975
0.02361111,-0.31430975
0.02366667,-0.33412189
0.02372222,-0.35378747
0.02377778,-0.37329786
0.02383333,-0.39264452
0.02388889,-0.41181894
0.02394444,-0.43081273
0.02400000,-0.44961756
0.02405556,-0.46822516
0.02411111,-0.48662738
0.02416667,-0.50481616
0.02422222,-0.52278350
0.02427778,-0.54052154
0.02433333,-0.55802248
0.02438889,-0.57527866
0.02444444,-0.59228250
0.02450000,-0.60902655
0.02455556,-0.62550346
0.02461111,-0.64170600
0.02466667,-0.65762706
0.02472222,-0.67325967
0.02477778,-0.68859697
0.02483333,-0.70363223
0.02488889,-0.71835884
0.02494444,-0.73277037
0.02500000,-0.74686047
0.02505556,-0.76062298
0.02511111,-0.77405185
0.02516667,-0.78714120
0.02522222,-0.79988529
0.02527778,-0.81227851
0.02533333,-0.82431545
0.02538889,-0.83599081
0.02544444,-0.84729948
0.02550000,-0.85823649
0.02555556,-0.86879706
0.02561111,-0.87897654
0.02566667,-0.88877047
0.02572222,-0.89817456
0.02577778,-0.90718468
0.02583333,-0.91579688
0.02588889,-0.92400738
0.02594444,-0.93181258
0.02600000,-0.93920906
0.02605556,-0.94619357
0.02611111,-0.95276304
0.02616667,-0.95891460
0.02622222,-0.96464556
0.02627778,-0.96995338
0.02633333,-0.97483575
0.02638889,-0.97929053
0.02644444,-0.98331576
0.02650000,-0.98690967
0.02655556,-0.99007069
0.02661111,-0.99279744
0.02666667,-0.99508871
0.02672222,-0.99694350
0.02677778,-0.99836100
0.02683333,-0.99934058
0.02688889,-0.99988183
0.02694444,-0.99998449
0.02700000,-0.99964852
0.02705556,-0.99887408
0.02711111,-0.99766149
0.02716667,-0.99601130
0.02722222,-0.99392422
0.02727778,-0.99140118
0.02733333,-0.98844328
0.02738889,-0.98505181
0.02744444,-0.98122826
0.02750000,-0.97697432
0.02755556,-0.97229184
0.02761111,-0.96718289
0.02766667,-0.96164969
0.02772222,-0.95569469
0.02777778,-0.94932048
0.02783333,-0.94252987
0.02788889,-0.93532584
0.02794444,-0.92771154
0.02800000,-0.91969032
0.02805556,-0.91126569
0.02811111,-0.90244135
0.02816667,-0.89322117
0.02822222,-0.88360919
0.02827778,-0.87360963
0.02833333,-0.86322688
0.02838889,-0.85246549
0.02844444,-0.84133018
0.02850000,-0.82982583
0.02855556,-0.81795749
0.02861111,-0.80573038
0.02866667,-0.79314984
0.02872222,-0.78022140
0.02877778,-0.76695072
0.02883333,-0.75334364
0.02888889,-0.73940612
0.02894444,-0.72514427
0.02900000,-0.71056435
0.02905556,-0.69567275
0.02911111,-0.68047600
0.02916667,-0.66498078
0.02922222,-0.64919387
0.02927778,-0.63312221
0.02933333,-0.61677283
0.02938889,-0.60015292
0.02944444,-0.58326977
0.02950000,-0.56613077
0.02955556,-0.54874344
0.02961111,-0.53111543
0.02966667,-0.51325444
0.02972222,-0.49516833
0.02977778,-0.47686502
0.02983333,-0.45835254
0.02988889,-0.43963901
0.02994444,-0.42073264
0.03000000,-0.40164172
0.03005556,-0.38237463
0.03011111,-0.36293982
0.03016667,-0.34334581
0.03022222,-0.32360120
0.03027778,-0.30371465
0.03033333,-0.28369487
0.03038889,-0.26355066
0.03044444,-0.24329085
0.03050000,-0.22292432
0.03055556,-0.20246001
0.03061111,-0.18190689
0.03066667,-0.16127399
0.03072222,-0.14057034
0.03077778,-0.11980503
0.03083333,-0.09898718
0.03088889,-0.07812590
0.03094444,-0.05723036
0.03100000,-0.03630971
0.03105556,-0.01537314
0.03111111,0.00557018
0.03116667,0.02651105
0.03122222,0.04744030
0.03127778,0.06834873
0.03133333,0.08922719
0.03138889,0.11006651
0.03144444,0.13085754
0.03150000,0.15159119
0.03155556,0.17225833
0.03161111,0.19284992
0.03166667,0.21335692
0.03172222,0.23377034
0.03177778,0.25408121
0.03183333,0.27428064
0.03188889,0.29435975
0.03194444,0.31430975
0.03200000,0.33412189
0.03205556,0.35378747
0.03211111,0.37329786
0.03216667,0.39264452
0.03222222,0.41181894
0.03227778,0.43081273
0.03233333,0.44961756
0.03238889,0.46822516
0.03244444,0.48662738
0.03250000,0.50481616
0.03255556,0.52278350
0.03261111,0.54052154
0.03266667,0.55802248
0.03272222,0.57527866
0.03277778,0.59228250
0.03283333,0.60902655
0.03288889,0.62550346
0.03294444,0.64170600
0.03300000,0.65762706
0.03305556,0.67325967
0.03311111,0.68859697
0.03316667,0.70363223
0.03322222,0.71835884
0.03327778,0.73277037
0.03333333,0.74686047
0.03338889,0.76062298
0.03344444,0.77405185
0.03350000,0.78714120
0.03355556,0.79988529
0.03361111,0.81227851
0.03366667,0.82431545
0.03372222,0.83599081
0.03377778,0.84729948
0.03383333,0.85823649
0.03388889,0.86879706
0.03394444,0.87897654
0.03400000,0.88877047
0.03405556,0.89817456
0.03411111,0.90718468
0.03416667,0.91579688
0.03422222,0.92400738
0.03427778,0.93181258
0.03433333,0.93920906
0.03438889,0.94619357
0.03444444,0.95276304
0.03450000,0.95891460
0.03455556,0.96464556
0.03461111,0.96995338
0.03466667,0.97483575
0.03472222,0.97929053
0.03477778,0.98331576
0.03483333,0.98690967
0.03488889,0.99007069
0.03494444,0.99279744
0.03500000,0.99508871
0.03505556,0.99694350
0.03511111,0.99836100
0.03516667,0.99934058
0.03522222,0.99988183
0.03527778,0.99998449
0.03533333,0.99964852
0.03538889,0.99887408
0.03544444,0.99766149
0.03550000,0.99601130
0.03555556,0.99392422
0.03561111,0.99140118
0.03566667,0.98844328
0.03572222,0.98505181
0.03577778,0.98122826
0.03583333,0.97697432
0.03588889,0.97229184
0.03594444,0.96718289
0.03600000,0.96164969
0.03605556,0.95569469
0.03611111,0.94932048
0.03616667,0.94252987
0.03622222,0.93532584
0.03627778,0.92771154
0.03633333,0.91969032
0.03638889,0.91126569
0.03644444,0.90244135
0.03650000,0.89322117
0.03655556,0.88360919
0.03661111,0.87360963
0.03666667,0.86322688
0.03672222,0.85246549
0.03677778,0.84133018
0.03683333,0.82982583
0.03688889,0.81795749
0.03694444,0.80573038
0.03700000,0.79314984
0.03705556,0.78022140
0.03711111,0.76695072
0.03716667,0.75334364
0.03722222,0.73940612
0.03727778,0.72514427
0.03733333,0.71056435
0.03738889,0.69567275
0.03744444,0.68047600
0.03750000,0.66498078
0.03755556,0.64919387
0.03761111,0.63312221
0.03766667,0.61677283
0.03772222,0.60015292
0.03777778,0.58326977
0.03783333,0.56613077
0.03788889,0.54874344
0.03794444,0.53111543
0.03800000,0.51325444
0.03805556,0.49516833
0.03811111,0.47686502
0.03816667,0.45835254
0.03822222,0.43963901
0.03827778,0.42073264
0.03833333,0.40164172
0.03838889,0.38237463
0.03844444,0.36293982
0.03850000,0.34334581
0.03855556,0.32360120
0.03861111,0.30371465
0.03866667,0.28369487
0.03872222,0.26355066
0.03877778,0.24329085
0.03883333,0.22292432
0.03888889,0.20246001
0.03894444,0.18190689
0.03900000,0.16127399
0.03905556,0.14057034
0.03911111,0.11980503
0.03916667,0.09898718
0.03922222,0.07812590
0.03927778,0.05723036
0.03933333,0.03630971
0.03938889,0.01537314
0.03944444,-0.00557018
0.03950000,-0.02651105
0.03955556,-0.04744030
0.03961111,-0.06834873
0.03966667,-0.08922719
0.03972222,-0.11006651
0.03977778,-0.13085754
0.03983333,-0.15159119
0.03988889,-0.17225833
0.03994444,-0.19284992
0.04000000,-0.21335692
0.04005556,-0.23377034
0.04011111,-0.25408121
0.04016667,-0.27428064
0.04022222,-0.21706429
0.04027778,-0.28438434
0.04033333,-0.35276244
0.04038889,-0.41981926
0.04044444,-0.48324580
0.04050000,-0.54091494
0.04055556,-0.59098357
0.04061111,-0.63198034
0.04066667,-0.66287483
0.04072222,-0.68312488
0.04077778,-0.69269989
0.04083333,-0.69207910
0.04088889,-0.68222507
0.04094444,-0.66453380
0.04100000,-0.64076395
0.04105556,-0.61294894
0.04111111,-0.58329604
0.04116667,-0.55407762
0.04122222,-0.52751981
0.04127778,-0.50569407
0.04133333,-0.49041681
0.04138889,-0.48316209
0.04144444,-0.48499138
0.04150000,-0.49650385
0.04155556,-0.51780942
0.04161111,-0.54852576
0.04166667,-0.58779936
0.04172222,-0.63434931
0.04177778,-0.68653172
0.04183333,-0.74242147
0.04188889,-0.79990715
0.04194444,-0.85679462
0.04200000,-0.91091395
0.04205556,-0.96022472
0.04211111,-1.00291432
0.04216667,-1.03748469
0.04222222,-1.06282328
0.04227778,-1.07825488
0.04233333,-1.08357179
0.04238889,-1.07904121
0.04244444,-1.06538937
0.04250000,-1.04376347
0.04255556,-1.01567333
0.04261111,-0.98291572
0.04266667,-0.94748515
0.04272222,-0.91147551
0.04277778,-0.87697748
0.04283333,-0.84597661
0.04288889,-0.82025710
0.04294444,-0.80131596
0.04300000,-0.79029157
0.04305556,-0.78791017
0.04311111,-0.79445262
0.04316667,-0.80974315
0.04322222,-0.83316028
0.04327778,-0.86366952
0.04333333,-0.89987588
0.04338889,-0.94009370
0.04344444,-0.98243032
0.04350000,-1.02487921
0.04355556,-1.06541834
0.04361111,-1.10210860
0.04366667,-1.13318776
0.04372222,-1.15715524
0.04377778,-1.17284376
0.04383333,-1.17947434
0.04388889,-1.17669206
0.04394444,-1.16458110
0.04400000,-1.14365822
0.04405556,-1.11484532
0.04411111,-1.07942235
0.04416667,-1.03896317
0.04422222,-0.99525734
0.04427778,-0.95022197
0.04433333,-0.90580776
0.04438889,-0.86390397
0.04444444,-0.82624695
0.04450000,-0.79433656
0.04455556,-0.76936459
0.04461111,-0.75215863
0.04466667,-0.74314388
0.04472222,-0.74232491
0.04477778,-0.74928784
0.04483333,-0.76322305
0.04488889,-0.78296687
0.04494444,-0.80706045
0.04500000,-0.83382256
0.04505556,-0.86143286
0.04511111,-0.88802150
0.04516667,-0.91176066
0.04522222,-0.93095349
0.04527778,-0.94411628
0.04533333,-0.95004970
0.04538889,-0.94789592
0.04544444,-0.93717875
0.04550000,-0.91782497
0.04555556,-0.89016596
0.04561111,-0.85491966
0.04566667,-0.81315376
0.04572222,-0.76623213
0.04577778,-0.71574706
0.04583333,-0.66344090
0.04588889,-0.61112065
0.04594444,-0.56057004
0.04600000,-0.51346312
0.04605556,-0.47128377
0.04611111,-0.43525480
0.04616667,-0.40628028
0.04622222,-0.38490358
0.04627778,-0.37128335
0.04633333,-0.36518819
0.04638889,-0.36601052
0.04644444,-0.37279854
0.04650000,-0.38430489
0.04655556,-0.39904934
0.04661111,-0.41539253
0.04666667,-0.43161708
0.04672222,-0.44601193
0.04677778,-0.45695611
0.04683333,-0.46299744
0.04688889,-0.46292280
0.04694444,-0.45581622
0.04700000,-0.44110225
0.04705556,-0.41857256
0.04711111,-0.38839443
0.04716667,-0.35110102
0.04722222,-0.30756378
0.04727778,-0.25894864
0.04733333,-0.20665804
0.04738889,-0.15226183
0.04744444,-0.09742033
0.04750000,-0.04380348
0.04755556,0.00699006
0.04761111,0.05350994
0.04766667,0.09452338
0.04772222,0.12907361
0.04777778,0.15652444
0.04783333,0.17658904
0.04788889,0.18934153
0.04794444,0.19521093
0.04800000,0.19495790
0.04805556,0.18963543
0.04811111,0.18053554
0.04816667,0.16912464
0.04822222,0.15697072
0.04827778,0.14566608
0.04833333,0.13674919
0.04838889,0.13162970
0.04844444,0.13152010
0.04850000,0.13737735
0.04855556,0.14985725
0.04861111,0.16928377
0.04866667,0.19563470
0.04872222,0.22854419
0.04877778,0.26732203
0.04883333,0.31098861
0.04888889,0.35832384
0.04894444,0.40792737
0.04900000,0.45828742
0.04905556,0.50785452
0.04911111,0.55511678
0.04916667,0.59867288
0.04922222,0.63729927
0.04927778,0.67000836
0.04933333,0.69609495
0.04938889,0.71516859
0.04944444,0.72717051
0.04950000,0.73237425
0.04955556,0.73137022
0.04961111,0.72503480
0.04966667,0.71448580
0.04972222,0.70102636
0.04977778,0.68608017
0.04983333,0.67112115
0.04988889,0.65760114
0.04994444,0.64687902
0.05000000,0.64015475
0.05005556,0.63841156
0.05011111,0.64236894
0.05016667,0.65244883
0.05022222,0.66875642
0.05027778,0.69107645
0.05033333,0.71888527
0.05038889,0.75137769
0.05044444,0.78750752
0.05050000,0.82603953
0.05055556,0.86561043
0.05061111,0.90479566
0.05066667,0.94217888
0.05072222,0.97642063
0.05077778,1.00632291
0.05083333,1.03088654
0.05088889,1.04935847
0.05094444,1.06126693
0.05100000,1.06644265
0.05105556,1.06502532
0.05111111,1.05745486
0.05116667,1.04444827
0.05122222,1.02696303
0.05127778,1.00614906
0.05133333,0.98329154
0.05138889,0.95974753
0.05144444,0.93687940
0.05150000,0.91598836
0.05155556,0.89825144
0.05161111,0.88466475
0.05166667,0.87599594
0.05172222,0.87274802
0.05177778,0.87513634
0.05183333,0.88307958
0.05188889,0.89620535
0.05194444,0.91386989
0.05200000,0.93519091
0.05205556,0.95909182
0.05211111,0.98435522
0.05216667,1.00968298
0.05222222,1.03375984
0.05227778,1.05531765
0.05233333,1.07319678
0.05238889,1.08640211
0.05244444,1.09415061
0.05250000,1.09590830
0.05255556,1.09141506
0.05261111,1.08069576
0.05266667,1.06405766
0.05272222,1.04207400
0.05277778,1.01555472
0.05283333,0.98550586
0.05288889,0.95307967
0.05294444,0.91951787
0.05300000,0.88609083
0.05305556,0.85403575
0.05311111,0.82449680
0.05316667,0.79847014
0.05322222,0.77675637
0.05327778,0.75992289
0.05333333,0.74827773
0.05338889,0.74185624
0.05344444,0.74042103
0.05350000,0.74347532
0.05355556,0.75028874
0.05361111,0.75993443
0.05366667,0.77133549
0.05372222,0.78331849
0.05377778,0.79467136
0.05383333,0.80420292
0.05388889,0.81080100
0.05394444,0.81348643
0.05400000,0.81146029
0.05405556,0.80414208
0.05411111,0.79119709
0.05416667,0.77255169
0.05422222,0.74839575
0.05427778,0.71917229
0.05433333,0.68555489
0.05438889,0.64841392
0.05444444,0.60877348
0.05450000,0.56776104
0.05455556,0.52655234
0.05461111,0.48631427
0.05466667,0.44814847
0.05472222,0.41303847
0.05477778,0.38180280
0.05483333,0.35505647
0.05488889,0.33318254
0.05494444,0.31631512
0.05500000,0.30433463
0.05505556,0.29687542
0.05511111,0.29334531
0.05516667,0.29295609
0.05522222,0.29476335
0.05527778,0.29771376
0.05533333,0.30069734
0.05538889,0.30260222
0.05544444,0.30236922
0.05550000,0.29904352
0.05555556,0.29182099
0.05561111,0.28008696
0.05566667,0.26344550
0.05572222,0.24173796
0.05577778,0.21504977
0.05583333,0.18370543
0.05588889,0.14825181
0.05594444,0.10943075
0.05600000,0.06814231
0.05605556,0.02540057
0.05611111,-0.01771598
0.05616667,-0.06011681
0.05622222,-0.10075206
0.05627778,-0.13866298
0.05633333,-0.17302765
0.05638889,-0.20319980
0.05644444,-0.22873888
0.05650000,-0.24942987
0.05655556,-0.26529214
0.05661111,-0.27657672
0.05666667,-0.28375239
0.05672222,-0.28748124
0.05677778,-0.28858492
0.05683333,-0.28800337
0.05688889,-0.28674792
0.05694444,-0.28585132
0.05700000,-0.28631688
0.05705556,-0.28906937
0.05711111,-0.29491006
0.05716667,-0.30447791
0.05722222,-0.31821904
0.05727778,-0.33636557
0.05733333,-0.35892519
0.05738889,-0.38568152
0.05744444,-0.41620558
0.05750000,-0.44987736
0.05755556,-0.48591672
0.05761111,-0.52342184
0.05766667,-0.56141341
0.05772222,-0.59888236
0.05777778,-0.63483875
0.05783333,-0.66835951
0.05788889,-0.69863264
0.05794444,-0.72499577
0.05800000,-0.74696722
0.05805556,-0.76426812
0.05811111,-0.77683452
0.05816667,-0.78481902
0.05822222,-0.78858178
0.05827778,-0.78867158
0.05833333,-0.78579771
0.05838889,-0.78079430
0.05844444,-0.77457867
0.05850000,-0.76810602
0.05855556,-0.76232237
0.05861111,-0.75811829
0.05866667,-0.75628562
0.05872222,-0.75747921
0.05877778,-0.76218550
0.05883333,-0.77069955
0.05888889,-0.78311150
0.05894444,-0.79930307
0.05900000,-0.81895424
0.05905556,-0.84155973
0.05911111,-0.86645441
0.05916667,-0.89284634
0.05922222,-0.91985585
0.05927778,-0.94655866
0.05933333,-0.97203093
0.05938889,-0.99539405
0.05944444,-1.01585707
0.05950000,-1.03275448
0.05955556,-1.04557783
0.05961111,-1.05399950
0.05966667,-1.05788748
0.05972222,-1.05731065
0.05977778,-1.05253420
0.05983333,-1.04400556
0.05988889,-1.03233153
0.05994444,-1.01824776
0.06000000,-1.00258221
0.06005556,-0.98621428
0.06011111,-0.97003164
0.06016667,-0.95488695
0.06022222,-0.94155654
0.06027778,-0.93070299
0.06033333,-0.92284353
0.06038889,-0.91832562
0.06044444,-0.91731102
0.06050000,-0.91976892
0.06055556,-0.92547855
0.06061111,-0.93404101
0.06066667,-0.94489969
0.06072222,-0.95736831
0.06077778,-0.97066509
0.06083333,-0.98395140
0.06088889,-0.99637300
0.06094444,-1.00710177
0.06100000,-1.01537600
0.06105556,-1.02053718
0.06111111,-1.02206165
0.06116667,-1.01958543
0.06122222,-1.01292122
0.06127778,-1.00206669
0.06133333,-0.98720370
0.06138889,-0.96868863
0.06144444,-0.94703424
0.06150000,-0.92288400
0.06155556,-0.89698026
0.06161111,-0.87012777
0.06166667,-0.84315434
0.06172222,-0.81687066
0.06177778,-0.79203116
0.06183333,-0.76929778
0.06188889,-0.74920853
0.06194444,-0.73215223
0.06200000,-0.71835064
0.06205556,-0.70784885
0.06211111,-0.70051433
0.06216667,-0.69604464
0.06222222,-0.69398333
0.06227778,-0.69374335
0.06233333,-0.69463660
0.06238889,-0.69590831
0.06244444,-0.69677443
0.06250000,-0.69646029
0.06255556,-0.69423858
0.06261111,-0.68946480
0.06266667,-0.68160855
0.06272222,-0.67027902
0.06277778,-0.65524360
0.06283333,-0.63643872
0.06288889,-0.61397233
0.06294444,-0.58811806
0.06300000,-0.55930142
0.06305556,-0.52807853
0.06311111,-0.49510881
0.06316667,-0.46112260
0.06322222,-0.42688569
0.06327778,-0.39316218
0.06333333,-0.36067773
0.06338889,-0.33008484
0.06344444,-0.30193187
0.06350000,-0.27663736
0.06355556,-0.25447078
0.06361111,-0.23554063
0.06366667,-0.21979049
0.06372222,-0.20700307
0.06377778,-0.19681210
0.06383333,-0.18872142
0.06388889,-0.18213026
0.06394444,-0.17636352
0.06400000,-0.17070542
0.06405556,-0.16443506
0.06411111,-0.15686192
0.06416667,-0.14735981
0.06422222,-0.13539736
0.06427778,-0.12056387
0.06433333,-0.10258903
0.06438889,-0.08135579
0.06444444,-0.05690562
0.06450000,-0.02943607
0.06455556,0.00070923
0.06461111,0.03305770
0.06466667,0.06703107
0.06472222,0.10197365
0.06477778,0.13718425
0.06483333,0.17195011
0.06488889,0.20558122
0.06494444,0.23744336
0.06500000,0.26698820
0.06505556,0.29377911
0.06511111,0.31751134
0.06516667,0.33802571
0.06522222,0.35531514
0.06527778,0.36952370
0.06533333,0.38093836
0.06538889,0.38997382
0.06544444,0.39715118
0.06550000,0.40307159
0.06555556,0.40838613
0.06561111,0.41376342
0.06566667,0.41985661
0.06572222,0.42727123
0.06577778,0.43653558
0.06583333,0.44807509
0.06588889,0.46219175
0.06594444,0.47904971
0.06600000,0.49866767
0.06605556,0.52091841
0.06611111,0.54553539
0.06616667,0.57212617
0.06622222,0.60019180
0.06627778,0.62915136
0.06633333,0.65837033
0.06638889,0.68719146
0.06644444,0.71496653
0.06650000,0.74108750
0.06655556,0.76501560
0.06661111,0.78630686
0.06666667,0.80463285
0.06672222,0.81979574
0.06677778,0.83173696
0.06683333,0.84053892
0.06688889,0.84641999
0.06694444,0.84972282
0.06700000,0.85089673
0.06705556,0.85047499
0.06711111,0.84904810
0.06716667,0.84723454
0.06722222,0.84565027
0.06727778,0.84487848
0.06733333,0.84544121
0.06738889,0.84777404
0.06744444,0.85220516
0.06750000,0.85893979
0.06755556,0.86805068
0.06761111,0.87947510
0.06766667,0.89301849
0.06772222,0.90836449
0.06777778,0.92509081
0.06783333,0.94269031
0.06788889,0.96059592
0.06794444,0.97820851
0.06800000,0.99492608
0.06805556,1.01017296
0.06811111,1.02342763
0.06816667,1.03424767
0.06822222,1.04229077
0.06827778,1.04733082
0.06833333,1.04926815
0.06838889,1.04813367
0.06844444,1.04408659
0.06850000,1.03740589
0.06855556,1.02847613
0.06861111,1.01776805
0.06866667,1.00581520
0.06872222,0.99318766
0.06877778,0.98046402
0.06883333,0.96820325
0.06888889,0.95691762
0.06894444,0.94704802
0.06900000,0.93894297
0.06905556,0.93284220
0.06911111,0.92886567
0.06916667,0.92700842
0.06922222,0.92714162
0.06927778,0.92901960
0.06933333,0.93229254
0.06938889,0.93652420
0.06944444,0.94121375
0.06950000,0.94582059
0.06955556,0.94979109
0.06961111,0.95258569
0.06966667,0.95370527
0.06972222,0.95271539
0.06977778,0.94926723
0.06983333,0.94311430
0.06988889,0.93412406
0.06994444,0.92228391
0.07000000,0.90770140
0.07005556,0.89059849
0.07011111,0.87130038
0.07016667,0.85021932
0.07022222,0.82783430
0.07027778,0.80466762
0.07033333,0.78125947
0.07038889,0.75814181
0.07044444,0.73581277
0.07050000,0.71471288
0.07055556,0.69520422
0.07061111,0.67755350
0.07066667,0.66191993
0.07072222,0.64834834
0.07077778,0.63676793
0.07083333,0.62699670
0.07088889,0.61875122
0.07094444,0.61166132
0.07100000,0.60528891
0.07105556,0.59915005
0.07111111,0.59273905
0.07116667,0.58555363
0.07122222,0.57711965
0.07127778,0.56701443
0.07133333,0.55488738
0.07138889,0.54047709
0.07144444,0.52362387
0.07150000,0.50427744
0.07155556,0.48249907
0.07161111,0.45845844
0.07166667,0.43242517
0.07172222,0.40475549
0.07177778,0.37587493
0.07183333,0.34625752
0.07188889,0.31640296
0.07194444,0.28681250
0.07200000,0.25796498
0.07205556,0.23029406
0.07211111,0.20416780
0.07216667,0.17987150
0.07222222,0.15759472
0.07227778,0.13742301
0.07233333,0.11933475
0.07238889,0.10320320
0.07244444,0.08880373
0.07250000,0.07582571
0.07255556,0.06388854
0.07261111,0.05256101
0.07266667,0.04138299
0.07272222,0.02988846
0.07277778,0.01762865
0.07283333,0.00419424
0.07288889,-0.01076450
0.07294444,-0.02752056
0.07300000,-0.04625688
0.07305556,-0.06705750
0.07311111,-0.08990360
0.07316667,-0.11467449
0.07322222,-0.14115365
0.07327778,-0.16903933
0.07333333,-0.19795929
0.07338889,-0.22748886
0.07344444,-0.25717147
0.07350000,-0.28654061
0.07355556,-0.31514220
0.07361111,-0.34255612
0.07366667,-0.36841616
0.07372222,-0.39242701
0.07377778,-0.41437790
0.07383333,-0.43415198
0.07388889,-0.45173103
0.07394444,-0.46719544
0.07400000,-0.48071931
0.07405556,-0.49256111
0.07411111,-0.50305017
0.07416667,-0.51256994
0.07422222,-0.52153858
0.07427778,-0.53038803
0.07433333,-0.53954260
0.07438889,-0.54939788
0.07444444,-0.56030136
0.07450000,-0.57253537
0.07455556,-0.58630334
0.07461111,-0.60171998
0.07466667,-0.61880587
0.07472222,-0.63748658
0.07477778,-0.65759652
0.07483333,-0.67888714
0.07488889,-0.70103920
0.07494444,-0.72367835
0.07500000,-0.74639336
0.07505556,-0.76875603
0.07511111,-0.79034184
0.07516667,-0.81075027
0.07522222,-0.82962393
0.07527778,-0.84666542
0.07533333,-0.86165118
0.07538889,-0.87444175
0.07544444,-0.88498783
0.07550000,-0.89333190
0.07555556,-0.89960546
0.07561111,-0.90402189
0.07566667,-0.90686537
0.07572222,-0.90847646
0.07577778,-0.90718468
0.07583333,-0.91579688
0.07588889,-0.92400738
0.07594444,-0.93181258
0.07600000,-0.93920906
0.07605556,-0.94619357
0.07611111,-0.95276304
0.07616667,-0.95891460
0.07622222,-0.96464556
0.07627778,-0.96995338
0.07633333,-0.97483575
0.07638889,-0.97929053
0.07644444,-0.98331576
0.07650000,-0.98690967
0.07655556,-0.99007069
0.07661111,-0.99279744
0.07666667,-0.99508871
0.07672222,-0.99694350
0.07677778,-0.99836100
0.07683333,-0.99934058
0.07688889,-0.99988183
0.07694444,-0.99998449
0.07700000,-0.99964852
0.07705556,-0.99887408
0.07711111,-0.99766149
0.07716667,-0.99601130
0.07722222,-0.99392422
0.07727778,-0.99140118
0.07733333,-0.98844328
0.07738889,-0.98505181
0.07744444,-0.98122826
0.07750000,-0.97697432
0.07755556,-0.97229184
0.07761111,-0.96718289
0.07766667,-0.96164969
0.07772222,-0.95569469
0.07777778,-0.94932048
0.07783333,-0.94252987
0.07788889,-0.93532584
0.07794444,-0.92771154
0.07800000,-0.91969032
0.07805556,-0.91126569
0.07811111,-0.90244135
0.07816667,-0.89322117
0.07822222,-0.88360919
0.07827778,-0.87360963
0.07833333,-0.86322688
0.07838889,-0.85246549
0.07844444,-0.84133018
0.07850000,-0.82982583
0.07855556,-0.81795749
0.07861111,-0.80573038
0.07866667,-0.79314984
0.07872222,-0.78022140
0.07877778,-0.76695072
0.07883333,-0.75334364
0.07888889,-0.73940612
0.07894444,-0.72514427
0.07900000,-0.71056435
0.07905556,-0.69567275
0.07911111,-0.68047600
0.07916667,-0.66498078
0.07922222,-0.64919387
0.07927778,-0.63312221
0.07933333,-0.61677283
0.07938889,-0.60015292
0.07944444,-0.58326977
0.07950000,-0.56613077
0.07955556,-0.54874344
0.07961111,-0.53111543
0.07966667,-0.51325444
0.07972222,-0.49516833
0.07977778,-0.47686502
0.07983333,-0.45835254
0.07988889,-0.43963901
0.07994444,-0.42073264
0.08000000,-0.40164172
0.08005556,-0.38237463
0.08011111,-0.36293982
0.08016667,-0.34334581
0.08022222,-0.32360120
0.08027778,-0.30371465
0.08033333,-0.28369487
0.08038889,-0.26355066
0.08044444,-0.24329085
0.08050000,-0.22292432
0.08055556,-0.20246001
0.08061111,-0.18190689
0.08066667,-0.16127399
0.08072222,-0.14057034
0.08077778,-0.11980503
0.08083333,-0.09898718
0.08088889,-0.07812590
0.08094444,-0.05723036
0.08100000,-0.03630971
0.08105556,-0.01537314
0.08111111,0.00557018
0.08116667,0.02651105
0.08122222,0.04744030
0.08127778,0.06834873
0.08133333,0.08922719
0.08138889,0.11006651
0.08144444,0.13085754
0.08150000,0.15159119
0.08155556,0.17225833
0.08161111,0.19284992
0.08166667,0.21335692
0.08172222,0.23377034
0.08177778,0.25408121
0.08183333,0.27428064
0.08188889,0.29435975
0.08194444,0.31430975
0.08200000,0.33412189
0.08205556,0.35378747
0.08211111,0.37329786
0.08216667,0.39264452
0.08222222,0.41181894
0.08227778,0.43081273
0.08233333,0.44961756
0.08238889,0.46822516
0.08244444,0.48662738
0.08250000,0.50481616
0.08255556,0.52278350
0.08261111,0.54052154
0.08266667,0.55802248
0.08272222,0.57527866
0.08277778,0.59228250
0.08283333,0.60902655
0.08288889,0.62550346
0.08294444,0.64170600
0.08300000,0.65762706
0.08305556,0.67325967
0.08311111,0.68859697
0.08316667,0.70363223
0.08322222,0.71835884
0.08327778,0.73277037
0.08333333,0.74686047
0.08338889,0.76062298
0.08344444,0.77405185
0.08350000,0.78714120
0.08355556,0.79988529
0.08361111,0.81227851
0.08366667,0.82431545
0.08372222,0.83599081
0.08377778,0.84729948
0.08383333,0.85823649
0.08388889,0.86879706
0.08394444,0.87897654
0.08400000,0.88877047
0.08405556,0.89817456
0.08411111,0.90718468
0.08416667,0.91579688
0.08422222,0.92400738
0.08427778,0.93181258
0.08433333,0.93920906
0.08438889,0.94619357
0.08444444,0.95276304
0.08450000,0.95891460
0.08455556,0.96464556
0.08461111,0.96995338
0.08466667,0.97483575
0.08472222,0.97929053
0.08477778,0.98331576
0.08483333,0.98690967
0.08488889,0.99007069
0.08494444,0.99279744
0.08500000,0.99508871
0.08505556,0.99694350
0.08511111,0.99836100
0.08516667,0.99934058
0.08522222,0.99988183
0.08527778,0.99998449
0.08533333,0.99964852
0.08538889,0.99887408
0.08544444,0.99766149
0.08550000,0.99601130
0.08555556,0.99392422
0.08561111,0.99140118
0.08566667,0.98844328
0.08572222,0.98505181
0.08577778,0.98122826
0.08583333,0.97697432
0.08588889,0.97229184
0.08594444,0.96718289
0.08600000,0.96164969
0.08605556,0.95569469
0.08611111,0.94932048
0.08616667,0.94252987
0.08622222,0.93532584
0.08627778,0.92771154
0.08633333,0.91969032
0.08638889,0.91126569
0.08644444,0.90244135
0.08650000,0.89322117
0.08655556,0.88360919
0.08661111,0.87360963
0.08666667,0.86322688
0.08672222,0.85246549
0.08677778,0.84133018
0.08683333,0.82982583
0.08688889,0.81795749
0.08694444,0.80573038
0.08700000,0.79314984
0.08705556,0.78022140
0.08711111,0.76695072
0.08716667,0.75334364
0.08722222,0.73940612
0.08727778,0.72514427
0.08733333,0.71056435
0.08738889,0.69567275
0.08744444,0.68047600
0.08750000,0.66498078
0.08755556,0.64919387
0.08761111,0.63312221
0.08766667,0.61677283
0.08772222,0.60015292
0.08777778,0.58326977
0.08783333,0.56613077
0.08788889,0.54874344
0.08794444,0.53111543
0.08800000,0.51325444
0.08805556,0.49516833
0.08811111,0.47686502
0.08816667,0.45835254
0.08822222,0.43963901
0.08827778,0.42073264
0.08833333,0.40164172
0.08838889,0.38237463
0.08844444,0.36293982
0.08850000,0.34334581
0.08855556,0.32360120
0.08861111,0.30371465
0.08866667,0.28369487
0.08872222,0.26355066
0.08877778,0.24329085
0.08883333,0.22292432
0.08888889,0.20246001
0.08894444,0.18190689
0.08900000,0.16127399
0.08905556,0.14057034
0.08911111,0.11980503
0.08916667,0.09898718
0.08922222,0.07812590
0.08927778,0.05723036
0.08933333,0.03630971
0.08938889,0.01537314
0.08944444,-0.00557018
0.08950000,-0.02651105
0.08955556,-0.04744030
0.08961111,-0.06834873
0.08966667,-0.08922719
0.08972222,-0.11006651
0.08977778,-0.13085754
0.08983333,-0.15159119
0.08988889,-0.17225833
0.08994444,-0.19284992
0.09000000,-0.21335692
0.09005556,-0.23377034
0.09011111,-0.25408121
0.09016667,-0.27428064
0.09022222,-0.29435975
0.09027778,-0.31430975
0.09033333,-0.33412189
0.09038889,-0.35378747
0.09044444,-0.37329786
0.09050000,-0.39264452
0.09055556,-0.41181894
0.09061111,-0.43081273
0.09066667,-0.44961756
0.09072222,-0.46822516
0.09077778,-0.48662738
0.09083333,-0.50481616
0.09088889,-0.52278350
0.09094444,-0.54052154
0.09100000,-0.55802248
0.09105556,-0.57527866
0.09111111,-0.59228250
0.09116667,-0.60902655
0.09122222,-0.62550346
0.09127778,-0.64170600
0.09133333,-0.65762706
0.09138889,-0.67325967
0.09144444,-0.68859697
0.09150000,-0.70363223
0.09155556,-0.71835884
0.09161111,-0.73277037
0.09166667,-0.74686047
0.09172222,-0.76062298
0.09177778,-0.77405185
0.09183333,-0.78714120
0.09188889,-0.79988529
0.09194444,-0.81227851
0.09200000,-0.82431545
0.09205556,-0.83599081
0.09211111,-0.84729948
0.09216667,-0.85823649
0.09222222,-0.86879706
0.09227778,-0.87897654
0.09233333,-0.88877047
0.09238889,-0.89817456
0.09244444,-0.90718468
0.09250000,-0.91579688
0.09255556,-0.92400738
0.09261111,-0.93181258
0.09266667,-0.93920906
0.09272222,-0.94619357
0.09277778,-0.95276304
0.09283333,-0.95891460
0.09288889,-0.96464556
0.09294444,-0.96995338
0.09300000,-0.97483575
0.09305556,-0.97929053
0.09311111,-0.98331576
0.09316667,-0.98690967
0.09322222,-0.99007069
0.09327778,-0.99279744
0.09333333,-0.99508871
0.09338889,-0.99694350
0.09344444,-0.99836100
0.09350000,-0.99934058
0.09355556,-0.99988183
0.09361111,-0.99998449
0.09366667,-0.99964852
0.09372222,-0.99887408
0.09377778,-0.99766149
0.09383333,-0.99601130
0.09388889,-0.99392422
0.09394444,-0.99140118
0.09400000,-0.98844328
0.09405556,-0.98505181
0.09411111,-0.98122826
0.09416667,-0.97697432
0.09422222,-0.97229184
0.09427778,-0.96718289
0.09433333,-0.96164969
0.09438889,-0.95569469
0.09444444,-0.94932048
0.09450000,-0.94252987
0.09455556,-0.93532584
0.09461111,-0.92771154
0.09466667,-0.91969032
0.09472222,-0.91126569
0.09477778,-0.90244135
0.09483333,-0.89322117
0.09488889,-0.88360919
0.09494444,-0.87360963
0.09500000,-0.86322688
0.09505556,-0.85246549
0.09511111,-0.84133018
0.09516667,-0.82982583
0.09522222,-0.81795749
0.09527778,-0.80573038
0.09533333,-0.79314984
0.09538889,-0.78022140
0.09544444,-0.76695072
0.09550000,-0.75334364
0.09555556,-0.73940612
0.09561111,-0.72514427
0.09566667,-0.71056435
0.09572222,-0.69567275
0.09577778,-0.68047600
0.09583333,-0.66498078
0.09588889,-0.64919387
0.09594444,-0.63312221
0.09600000,-0.61677283
0.09605556,-0.60015292
0.09611111,-0.58326977
0.09616667,-0.56613077
0.09622222,-0.54874344
0.09627778,-0.53111543
0.09633333,-0.51325444
0.09638889,-0.49516833
0.09644444,-0.47686502
0.09650000,-0.45835254
0.09655556,-0.43963901
0.09661111,-0.42073264
0.09666667,-0.40164172
0.09672222,-0.38237463
0.09677778,-0.36293982
0.09683333,-0.34334581
0.09688889,-0.32360120
0.09694444,-0.30371465
0.09700000,-0.28369487
0.09705556,-0.26355066
0.09711111,-0.24329085
0.09716667,-0.22292432
0.09722222,-0.20246001
0.09727778,-0.18190689
0.09733333,-0.16127399
0.09738889,-0.14057034
0.09744444,-0.11980503
0.09750000,-0.09898718
0.09755556,-0.07812590
0.09761111,-0.05723036
0.09766667,-0.03630971
0.09772222,-0.01537314
0.09777778,0.00557018
0.09783333,0.02651105
0.09788889,0.04744030
0.09794444,0.06834873
0.09800000,0.08922719
0.09805556,0.11006651
0.09811111,0.13085754
0.09816667,0.15159119
0.09822222,0.17225833
0.09827778,0.19284992
0.09833333,0.21335692
0.09838889,0.23377034
0.09844444,0.25408121
0.09850000,0.27428064
0.09855556,0.29435975
0.09861111,0.31430975
0.09866667,0.33412189
0.09872222,0.35378747
0.09877778,0.37329786
0.09883333,0.39264452
0.09888889,0.41181894
0.09894444,0.43081273
0.09900000,0.44961756
0.09905556,0.46822516
0.09911111,0.48662738
0.09916667,0.50481616
0.09922222,0.52278350
0.09927778,0.54052154
0.09933333,0.55802248
0.09938889,0.57527866
0.09944444,0.59228250
0.09950000,0.60902655
0.09955556,0.62550346
0.09961111,0.64170600
0.09966667,0.65762706
0.09972222,0.67325967
0.09977778,0.68859697
0.09983333,0.70363223
0.09988889,0.71835884
0.09994444,0.73277037
0.10000000,0.74686047
0.10005556,0.76062298
0.10011111,0.77405185
0.10016667,0.78714120
0.10022222,0.79988529
0.10027778,0.81227851
0.10033333,0.82431545
0.10038889,0.83599081
0.10044444,0.84729948
0.10050000,0.85823649
0.10055556,0.86879706
0.10061111,0.87897654
0.10066667,0.88877047
0.10072222,0.89817456
0.10077778,0.90718468
0.10083333,0.91579688
0.10088889,0.92400738
0.10094444,0.93181258
0.10100000,0.93920906
0.10105556,0.94619357
0.10111111,0.95276304
0.10116667,0.95891460
0.10122222,0.96464556
0.10127778,0.96995338
0.10133333,0.97483575
0.10138889,0.97929053
0.10144444,0.98331576
0.10150000,0.98690967
0.10155556,0.99007069
0.10161111,0.99279744
0.10166667,0.99508871
0.10172222,0.99694350
0.10177778,0.99836100
0.10183333,0.99934058
0.10188889,0.99988183
0.10194444,0.99998449
0.10200000,0.99964852
0.10205556,0.99887408
0.10211111,0.99766149
0.10216667,0.99601130
0.10222222,0.99392422
0.10227778,0.99140118
0.10233333,0.98844328
0.10238889,0.98505181
0.10244444,0.98122826
0.10250000,0.97697432
0.10255556,0.97229184
0.10261111,0.96718289
0.10266667,0.96164969
0.10272222,0.95569469
0.10277778,0.94932048
0.10283333,0.94252987
0.10288889,0.93532584
0.10294444,0.92771154
0.10300000,0.91969032
0.10305556,0.91126569
0.10311111,0.90244135
0.10316667,0.89322117
0.10322222,0.88360919
0.10327778,0.87360963
0.10333333,0.86322688
0.10338889,0.85246549
0.10344444,0.84133018
0.10350000,0.82982583
0.10355556,0.81795749
0.10361111,0.80573038
0.10366667,0.79314984
0.10372222,0.78022140
0.10377778,0.76695072
0.10383333,0.75334364
0.10388889,0.73940612
0.10394444,0.72514427
0.10400000,0.71056435
0.10405556,0.69567275
0.10411111,0.68047600
0.10416667,0.66498078
0.10422222,0.64919387
0.10427778,0.63312221
0.10433333,0.61677283
0.10438889,0.60015292
0.10444444,0.58326977
0.10450000,0.56613077
0.10455556,0.54874344
0.10461111,0.53111543
0.10466667,0.51325444
0.10472222,0.49516833
0.10477778,0.47686502
0.10483333,0.45835254
0.10488889,0.43963901
0.10494444,0.42073264
0.10500000,0.40164172
0.10505556,0.38237463
0.10511111,0.36293982
0.10516667,0.34334581
0.10522222,0.32360120
0.10527778,0.30371465
0.10533333,0.28369487
0.10538889,0.26355066
0.10544444,0.24329085
0.10550000,0.22292432
0.10555556,0.20246001
0.10561111,0.18190689
0.10566667,0.16127399
0.10572222,0.14057034
0.10577778,0.11980503
0.10583333,0.09898718
0.10588889,0.07812590
0.10594444,0.05723036
0.10600000,0.03630971
0.10605556,0.01537314
0.10611111,-0.00557018
0.10616667,-0.02651105
0.10622222,-0.04744030
0.10627778,-0.06834873
0.10633333,-0.08922719
0.10638889,-0.11006651
0.10644444,-0.13085754
0.10650000,-0.15159119
0.10655556,-0.17225833
0.10661111,-0.19284992
0.10666667,-0.21335692
0.10672222,-0.23377034
0.10677778,-0.25408121
0.10683333,-0.27428064
0.10688889,-0.29435975
0.10694444,-0.31430975
0.10700000,-0.33412189
0.10705556,-0.35378747
0.10711111,-0.37329786
0.10716667,-0.39264452
0.10722222,-0.41181894
0.10727778,-0.43081273
0.10733333,-0.44961756
0.10738889,-0.46822516
0.10744444,-0.48662738
0.10750000,-0.50481616
0.10755556,-0.52278350
0.10761111,-0.54052154
0.10766667,-0.55802248
0.10772222,-0.57527866
0.10777778,-0.59228250
0.10783333,-0.60902655
0.10788889,-0.62550346
0.10794444,-0.64170600
0.10800000,-0.65762706
0.10805556,-0.67325967
0.10811111,-0.68859697
0.10816667,-0.70363223
0.10822222,-0.71835884
0.10827778,-0.73277037
0.10833333,-0.74686047
0.10838889,-0.76062298
0.10844444,-0.77405185
0.10850000,-0.78714120
0.10855556,-0.79988529
0.10861111,-0.81227851
0.10866667,-0.82431545
0.10872222,-0.83599081
0.10877778,-0.84729948
0.10883333,-0.85823649
0.10888889,-0.86879706
0.10894444,-0.87897654
0.10900000,-0.88877047
0.10905556,-0.89817456
0.10911111,-0.90718468
0.10916667,-0.91579688
0.10922222,-0.92400738
0.10927778,-0.93181258
0.10933333,-0.93920906
0.10938889,-0.94619357
0.10944444,-0.95276304
0.10950000,-0.95891460
0.10955556,-0.96464556
0.10961111,-0.96995338
0.10966667,-0.97483575
0.10972222,-0.97929053
0.10977778,-0.98331576
0.10983333,-0.98690967
0.10988889,-0.99007069
0.10994444,-0.99279744
0.11000000,-0.99508871
0.11005556,-0.99694350
0.11011111,-0.99836100
0.11016667,-0.99934058
0.11022222,-0.99988183
0.11027778,-0.99998449
0.11033333,-0.99964852
0.11038889,-0.99887408
0.11044444,-0.99766149
0.11050000,-0.99601130
0.11055556,-0.99392422
0.11061111,-0.99140118
0.11066667,-0.98844328
0.11072222,-0.98505181
0.11077778,-0.98122826
0.11083333,-0.97697432
0.11088889,-0.97229184
0.11094444,-0.96718289
0.11100000,-0.96164969
0.11105556,-0.95569469
0.11111111,-0.94932048
0.11116667,-0.94252987
0.11122222,-0.93532584
0.11127778,-0.92771154
0.11133333,-0.91969032
0.11138889,-0.91126569
0.11144444,-0.90244135
0.11150000,-0.89322117
0.11155556,-0.88360919
0.11161111,-0.87360963
0.11166667,-0.86322688
0.11172222,-0.85246549
0.11177778,-0.84133018
0.11183333,-0.82982583
0.11188889,-0.81795749
0.11194444,-0.80573038
0.11200000,-0.79314984
0.11205556,-0.78022140
0.11211111,-0.76695072
0.11216667,-0.75334364
0.11222222,-0.73940612
0.11227778,-0.72514427
0.11233333,-0.71056435
0.11238889,-0.69567275
0.11244444,-0.68047600
0.11250000,-0.66498078
0.11255556,-0.64919387
0.11261111,-0.63312221
0.11266667,-0.61677283
0.11272222,-0.60015292
0.11277778,-0.58326977
0.11283333,-0.56613077
0.11288889,-0.54874344
0.11294444,-0.53111543
0.11300000,-0.51325444
0.11305556,-0.49516833
0.11311111,-0.47686502
0.11316667,-0.45835254
0.11322222,-0.43963901
0.11327778,-0.42073264
0.11333333,-0.40164172
0.11338889,-0.38237463
0.11344444,-0.36293982
0.11350000,-0.34334581
0.11355556,-0.32360120
0.11361111,-0.30371465
0.11366667,-0.28369487
0.11372222,-0.26355066
0.11377778,-0.24329085
0.11383333,-0.22292432
0.11388889,-0.20246001
0.11394444,-0.18190689
0.11400000,-0.16127399
0.11405556,-0.14057034
0.11411111,-0.11980503
0.11416667,-0.09898718
0.11422222,-0.07812590
0.11427778,-0.05723036
0.11433333,-0.03630971
0.11438889,-0.01537314
0.11444444,0.00557018
0.11450000,0.02651105
0.11455556,0.04744030
0.11461111,0.06834873
0.11466667,0.08922719
0.11472222,0.11006651
0.11477778,0.13085754
0.11483333,0.15159119
0.11488889,0.17225833
0.11494444,0.19284992
0.11500000,0.21335692
0.11505556,0.23377034
0.11511111,0.25408121
0.11516667,0.27428064
0.11522222,0.29435975
0.11527778,0.31430975
0.11533333,0.33412189
0.11538889,0.35378747
0.11544444,0.37329786
0.11550000,0.39264452
0.11555556,0.41181894
0.11561111,0.43081273
0.11566667,0.44961756
0.11572222,0.46822516
0.11577778,0.48662738
0.11583333,0.50481616
0.11588889,0.52278350
0.11594444,0.54052154
0.11600000,0.55802248
0.11605556,0.57527866
0.11611111,0.59228250
0.11616667,0.60902655
0.11622222,0.62550346
0.11627778,0.64170600
0.11633333,0.65762706
0.11638889,0.67325967
0.11644444,0.68859697
0.11650000,0.70363223
0.11655556,0.71835884
0.11661111,0.73277037
0.11666667,0.74686047
0.11672222,0.76062298
0.11677778,0.77405185
0.11683333,0.78714120
0.11688889,0.79988529
0.11694444,0.81227851
0.11700000,0.82431545
0.11705556,0.83599081
0.11711111,0.84729948
0.11716667,0.85823649
0.11722222,0.86879706
0.11727778,0.87897654
0.11733333,0.88877047
0.11738889,0.89817456
0.11744444,0.90718468
0.11750000,0.91579688
0.11755556,0.92400738
0.11761111,0.93181258
0.11766667,0.93920906
0.11772222,0.94619357
0.11777778,0.95276304
0.11783333,0.95891460
0.11788889,0.96464556
0.11794444,0.96995338
0.11800000,0.97483575
0.11805556,0.97929053
0.11811111,0.98331576
0.11816667,0.98690967
0.11822222,0.99007069
0.11827778,0.99279744
0.11833333,0.99508871
0.11838889,0.99694350
0.11844444,0.99836100
0.11850000,0.99934058
0.11855556,0.99988183
0.11861111,0.99998449
0.11866667,0.99964852
0.11872222,0.99887408
0.11877778,0.99766149
0.11883333,0.99601130
0.11888889,0.99392422
0.11894444,0.99140118
0.11900000,0.98844328
0.11905556,0.98505181
0.11911111,0.98122826
0.11916667,0.97697432
0.11922222,0.97229184
0.11927778,0.96718289
0.11933333,0.96164969
0.11938889,0.95569469
0.11944444,0.94932048
0.11950000,0.94252987
0.11955556,0.93532584
0.11961111,0.92771154
0.11966667,0.91969032
0.11972222,0.91126569
0.11977778,0.90244135
0.11983333,0.89322117
0.11988889,0.88360919
0.11994444,0.87360963
0.12000000,0.86322688
0.12005556,0.85246549
0.12011111,0.84133018
0.12016667,0.82982583
0.12022222,0.81795749
0.12027778,0.80573038
0.12033333,0.79314984
0.12038889,0.78022140
0.12044444,0.76695072
0.12050000,0.75334364
0.12055556,0.73940612
0.12061111,0.72514427
0.12066667,0.71056435
0.12072222,0.69567275
0.12077778,0.68047600
0.12083333,0.66498078
0.12088889,0.64919387
0.12094444,0.63312221
0.12100000,0.61677283
0.12105556,0.60015292
0.12111111,0.58326977
0.12116667,0.56613077
0.12122222,0.54874344
0.12127778,0.53111543
0.12133333,0.51325444
0.12138889,0.49516833
0.12144444,0.47686502
0.12150000,0.45835254
0.12155556,0.43963901
0.12161111,0.42073264
0.12166667,0.40164172
0.12172222,0.38237463
0.12177778,0.36293982
0.12183333,0.34334581
0.12188889,0.32360120
0.12194444,0.30371465
0.12200000,0.28369487
0.12205556,0.26355066
0.12211111,0.24329085
0.12216667,0.22292432
0.12222222,0.20246001
0.12227778,0.18190689
0.12233333,0.16127399
0.12238889,0.14057034
0.12244444,0.11980503
0.12250000,0.09898718
0.12255556,0.07812590
0.12261111,0.05723036
0.12266667,0.03630971
0.12272222,0.01537314
0.12277778,-0.00557018
0.12283333,-0.02651105
0.12288889,-0.04744030
0.12294444,-0.06834873
0.12300000,-0.08922719
0.12305556,-0.11006651
0.12311111,-0.13085754
0.12316667,-0.15159119
0.12322222,-0.17225833
0.12327778,-0.19284992
0.12333333,-0.21335692
0.12338889,-0.23377034
0.12344444,-0.25408121
0.12350000,-0.27428064
0.12355556,-0.29435975
0.12361111,-0.31430975
0.12366667,-0.33412189
0.12372222,-0.35378747
0.12377778,-0.37329786
0.12383333,-0.39264452
0.12388889,-0.41181894
0.12394444,-0.43081273
0.12400000,-0.44961756
0.12405556,-0.46822516
0.12411111,-0.48662738
0.12416667,-0.50481616
0.12422222,-0.52278350
0.12427778,-0.54052154
0.12433333,-0.55802248
0.12438889,-0.57527866
0.12444444,-0.59228250
0.12450000,-0.60902655
0.12455556,-0.62550346
0.12461111,-0.64170600
0.12466667,-0.65762706
0.12472222,-0.67325967
0.12477778,-0.68859697
0.12483333,-0.70363223
0.12488889,-0.71835884
0.12494444,-0.73277037
0.12500000,-0.74686047
0.12505556,-0.76062298
0.12511111,-0.77405185
0.12516667,-0.78714120
0.12522222,-0.79988529
0.12527778,-0.81227851
0.12533333,-0.82431545
0.12538889,-0.83599081
0.12544444,-0.84729948
0.12550000,-0.85823649
0.12555556,-0.86879706
0.12561111,-0.87897654
0.12566667,-0.88877047
0.12572222,-0.89817456
0.12577778,-0.90718468
0.12583333,-0.91579688
0.12588889,-0.92400738
0.12594444,-0.93181258
0.12600000,-0.93920906
0.12605556,-0.94619357
0.12611111,-0.95276304
0.12616667,-0.95891460
0.12622222,-0.96464556
0.12627778,-0.96995338
0.12633333,-0.97483575
0.12638889,-0.97929053
0.12644444,-0.98331576
0.12650000,-0.98690967
0.12655556,-0.99007069
0.12661111,-0.99279744
0.12666667,-0.99508871
0.12672222,-0.99694350
0.12677778,-0.99836100
0.12683333,-0.99934058
0.12688889,-0.99988183
0.12694444,-0.99998449
0.12700000,-0.99964852
0.12705556,-0.99887408
0.12711111,-0.99766149
0.12716667,-0.99601130
0.12722222,-0.99392422
0.12727778,-0.99140118
0.12733333,-0.98844328
0.12738889,-0.98505181
0.12744444,-0.98122826
0.12750000,-0.97697432
0.12755556,-0.97229184
0.12761111,-0.96718289
0.12766667,-0.96164969
0.12772222,-0.95569469
0.12777778,-0.94932048
0.12783333,-0.94252987
0.12788889,-0.93532584
0.12794444,-0.92771154
0.12800000,-0.91969032
0.12805556,-0.91126569
0.12811111,-0.90244135
0.12816667,-0.89322117
0.12822222,-0.88360919
0.12827778,-0.87360963
0.12833333,-0.86322688
0.12838889,-0.85246549
0.12844444,-0.84133018
0.12850000,-0.82982583
0.12855556,-0.81795749
0.12861111,-0.80573038
0.12866667,-0.79314984
0.12872222,-0.78022140
0.12877778,-0.76695072
0.12883333,-0.75334364
0.12888889,-0.73940612
0.12894444,-0.72514427
0.12900000,-0.71056435
0.12905556,-0.69567275
0.12911111,-0.68047600
0.12916667,-0.66498078
0.12922222,-0.64919387
0.12927778,-0.63312221
0.12933333,-0.61677283
0.12938889,-0.60015292
0.12944444,-0.58326977
0.12950000,-0.56613077
0.12955556,-0.54874344
0.12961111,-0.53111543
0.12966667,-0.51325444
0.12972222,-0.49516833
0.12977778,-0.47686502
0.12983333,-0.45835254
0.12988889,-0.43963901
0.12994444,-0.42073264
0.13000000,-0.40164172
0.13005556,-0.38237463
0.13011111,-0.36293982
0.13016667,-0.34334581
0.13022222,-0.32360120
0.13027778,-0.30371465
0.13033333,-0.28369487
0.13038889,-0.26355066
0.13044444,-0.24329085
0.13050000,-0.22292432
0.13055556,-0.20246001
0.13061111,-0.18190689
0.13066667,-0.16127399
0.13072222,-0.14057034
0.13077778,-0.11980503
0.13083333,-0.09898718
0.13088889,-0.07812590
0.13094444,-0.05723036
0.13100000,-0.03630971
0.13105556,-0.01537314
0.13111111,0.00557018
0.13116667,0.02651105
0.13122222,0.04744030
0.13127778,0.06834873
0.13133333,0.08922719
0.13138889,0.11006651
0.13144444,0.13085754
0.13150000,0.15159119
0.13155556,0.17225833
0.13161111,0.19284992
0.13166667,0.21335692
0.13172222,0.23377034
0.13177778,0.25408121
0.13183333,0.27428064
0.13188889,0.29435975
0.13194444,0.31430975
0.13200000,0.33412189
0.13205556,0.35378747
0.13211111,0.37329786
0.13216667,0.39264452
0.13222222,0.41181894
0.13227778,0.43081273
0.13233333,0.44961756
0.13238889,0.46822516
0.13244444,0.48662738
0.13250000,0.50481616
0.13255556,0.52278350
0.13261111,0.54052154
0.13266667,0.55802248
0.13272222,0.57527866
0.13277778,0.59228250
0.13283333,0.60902655
0.13288889,0.62550346
0.13294444,0.64170600
0.13300000,0.65762706
0.13305556,0.67325967
0.13311111,0.68859697
0.13316667,0.70363223
0.13322222,0.71835884
0.13327778,0.73277037
0.13333333,0.74686047
0.13338889,0.76062298
0.13344444,0.77405185
0.13350000,0.78714120
0.13355556,0.79988529
0.13361111,0.81227851
0.13366667,0.82431545
0.13372222,0.83599081
0.13377778,0.84729948
0.13383333,0.85823649
0.13388889,0.86879706
0.13394444,0.87897654
0.13400000,0.88877047
0.13405556,0.89817456
0.13411111,0.90718468
0.13416667,0.91579688
0.13422222,0.92400738
0.13427778,0.93181258
0.13433333,0.93920906
0.13438889,0.94619357
0.13444444,0.95276304
0.13450000,0.95891460
0.13455556,0.96464556
0.13461111,0.96995338
0.13466667,0.97483575
0.13472222,0.97929053
0.13477778,0.98331576
0.13483333,0.98690967
0.13488889,0.99007069
0.13494444,0.99279744
0.13500000,0.99508871
0.13505556,0.99694350
0.13511111,0.99836100
0.13516667,0.99934058
0.13522222,0.99988183
0.13527778,0.99998449
0.13533333,0.99964852
0.13538889,0.99887408
0.13544444,0.99766149
0.13550000,0.99601130
0.13555556,0.99392422
0.13561111,0.99140118
0.13566667,0.98844328
0.13572222,0.98505181
0.13577778,0.98122826
0.13583333,0.97697432
0.13588889,0.97229184
0.13594444,0.96718289
0.13600000,0.96164969
0.13605556,0.95569469
0.13611111,0.94932048
0.13616667,0.94252987
0.13622222,0.93532584
0.13627778,0.92771154
0.13633333,0.91969032
0.13638889,0.91126569
0.13644444,0.90244135
0.13650000,0.89322117
0.13655556,0.88360919
0.13661111,0.87360963
0.13666667,0.86322688
0.13672222,0.85246549
0.13677778,0.84133018
0.13683333,0.82982583
0.13688889,0.81795749
0.13694444,0.80573038
0.13700000,0.79314984
0.13705556,0.78022140
0.13711111,0.76695072
0.13716667,0.75334364
0.13722222,0.73940612
0.13727778,0.72514427
0.13733333,0.71056435
0.13738889,0.69567275
0.13744444,0.68047600
0.13750000,0.66498078
0.13755556,0.64919387
0.13761111,0.63312221
0.13766667,0.61677283
0.13772222,0.60015292
0.13777778,0.58326977
0.13783333,0.56613077
0.13788889,0.54874344
0.13794444,0.53111543
0.13800000,0.51325444
0.13805556,0.49516833
0.13811111,0.47686502
0.13816667,0.45835254
0.13822222,0.43963901
0.13827778,0.42073264
0.13833333,0.40164172
0.13838889,0.38237463
0.13844444,0.36293982
0.13850000,0.34334581
0.13855556,0.32360120
0.13861111,0.30371465
0.13866667,0.28369487
0.13872222,0.26355066
0.13877778,0.24329085
0.13883333,0.22292432
0.13888889,0.20246001
0.13894444,0.18190689
0.13900000,0.16127399
0.13905556,0.14057034
0.13911111,0.11980503
0.13916667,0.09898718
0.13922222,0.07812590
0.13927778,0.05723036
0.13933333,0.03630971
0.13938889,0.01537314
0.13944444,-0.00557018
0.13950000,-0.02651105
0.13955556,-0.04744030
0.13961111,-0.06834873
0.13966667,-0.08922719
0.13972222,-0.11006651
0.13977778,-0.13085754
0.13983333,-0.15159119
0.13988889,-0.17225833
0.13994444,-0.19284992
0.14000000,-0.21335692
0.14005556,-0.23377034
0.14011111,-0.25408121
0.14016667,-0.27428064
0.14022222,-0.29435975
0.14027778,-0.31430975
0.14033333,-0.33412189
0.14038889,-0.35378747
0.14044444,-0.37329786
0.14050000,-0.39264452
0.14055556,-0.41181894
0.14061111,-0.43081273
0.14066667,-0.44961756
0.14072222,-0.46822516
0.14077778,-0.48662738
0.14083333,-0.50481616
0.14088889,-0.52278350
0.14094444,-0.54052154
0.14100000,-0.55802248
0.14105556,-0.57527866
0.14111111,-0.59228250
0.14116667,-0.60902655
0.14122222,-0.62550346
0.14127778,-0.64170600
0.14133333,-0.65762706
0.14138889,-0.67325967
0.14144444,-0.68859697
0.14150000,-0.70363223
0.14155556,-0.71835884
0.14161111,-0.73277037
0.14166667,-0.74686047
0.14172222,-0.76062298
0.14177778,-0.77405185
0.14183333,-0.78714120
0.14188889,-0.79988529
0.14194444,-0.81227851
0.14200000,-0.82431545
0.14205556,-0.83599081
0.14211111,-0.84729948
0.14216667,-0.85823649
0.14222222,-0.86879706
0.14227778,-0.87897654
0.14233333,-0.88877047
0.14238889,-0.89817456
0.14244444,-0.90718468
0.14250000,-0.91579688
0.14255556,-0.92400738
0.14261111,-0.93181258
0.14266667,-0.93920906
0.14272222,-0.94619357
0.14277778,-0.95276304
0.14283333,-0.95891460
0.14288889,-0.96464556
0.14294444,-0.96995338
0.14300000,-0.97483575
0.14305556,-0.97929053
0.14311111,-0.98331576
0.14316667,-0.98690967
0.14322222,-0.99007069
0.14327778,-0.99279744
0.14333333,-0.99508871
0.14338889,-0.99694350
0.14344444,-0.99836100
0.14350000,-0.99934058
0.14355556,-0.99988183
0.14361111,-0.99998449
0.14366667,-0.99964852
0.14372222,-0.99887408
0.14377778,-0.99766149
0.14383333,-0.99601130
0.14388889,-0.99392422
0.14394444,-0.99140118
0.14400000,-0.98844328
0.14405556,-0.98505181
0.14411111,-0.98122826
0.14416667,-0.97697432
0.14422222,-0.97229184
0.14427778,-0.96718289
0.14433333,-0.96164969
0.14438889,-0.95569469
0.14444444,-0.94932048
0.14450000,-0.94252987
0.14455556,-0.93532584
0.14461111,-0.92771154
0.14466667,-0.91969032
0.14472222,-0.91126569
0.14477778,-0.90244135
0.14483333,-0.89322117
0.14488889,-0.88360919
0.14494444,-0.87360963
0.14500000,-0.86322688
0.14505556,-0.85246549
0.14511111,-0.84133018
0.14516667,-0.82982583
0.14522222,-0.81795749
0.14527778,-0.80573038
0.14533333,-0.79314984
0.14538889,-0.78022140
0.14544444,-0.76695072
0.14550000,-0.75334364
0.14555556,-0.73940612
0.14561111,-0.72514427
0.14566667,-0.71056435
0.14572222,-0.69567275
0.14577778,-0.68047600
0.14583333,-0.66498078
0.14588889,-0.64919387
0.14594444,-0.63312221
0.14600000,-0.61677283
0.14605556,-0.60015292
0.14611111,-0.58326977
0.14616667,-0.56613077
0.14622222,-0.54874344
0.14627778,-0.53111543
0.14633333,-0.51325444
0.14638889,-0.49516833
0.14644444,-0.47686502
0.14650000,-0.45835254
0.14655556,-0.43963901
0.14661111,-0.42073264
0.14666667,-0.40164172
0.14672222,-0.38237463
0.14677778,-0.36293982
0.14683333,-0.34334581
0.14688889,-0.32360120
0.14694444,-0.30371465
0.14700000,-0.28369487
0.14705556,-0.26355066
0.14711111,-0.24329085
0.14716667,-0.22292432
0.14722222,-0.20246001
0.14727778,-0.18190689
0.14733333,-0.16127399
0.14738889,-0.14057034
0.14744444,-0.11980503
0.14750000,-0.09898718
0.14755556,-0.07812590
0.14761111,-0.05723036
0.14766667,-0.03630971
0.14772222,-0.01537314
0.14777778,0.00557018
0.14783333,0.02651105
0.14788889,0.04744030
0.14794444,0.06834873
0.14800000,0.08922719
0.14805556,0.11006651
0.14811111,0.13085754
0.14816667,0.15159119
0.14822222,0.17225833
0.14827778,0.19284992
0.14833333,0.21335692
0.14838889,0.23377034
0.14844444,0.25408121
0.14850000,0.27428064
0.14855556,0.29435975
0.14861111,0.31430975
0.14866667,0.33412189
0.14872222,0.35378747
0.14877778,0.37329786
0.14883333,0.39264452
0.14888889,0.41181894
0.14894444,0.43081273
0.14900000,0.44961756
0.14905556,0.46822516
0.14911111,0.48662738
0.14916667,0.50481616
0.14922222,0.52278350
0.14927778,0.54052154
0.14933333,0.55802248
0.14938889,0.57527866
0.14944444,0.59228250
0.14950000,0.60902655
0.14955556,0.62550346
0.14961111,0.64170600
0.14966667,0.65762706
0.14972222,0.67325967
0.14977778,0.68859697
0.14983333,0.70363223
0.14988889,0.71835884
0.14994444,0.73277037
0.15000000,0.74686047
0.15005556,0.76062298
0.15011111,0.77405185
0.15016667,0.78714120
0.15022222,0.79988529
0.15027778,0.81227851
0.15033333,0.82431545
0.15038889,0.83599081
0.15044444,0.84729948
0.15050000,0.85823649
0.15055556,0.86879706
0.15061111,0.87897654
0.15066667,0.88877047
0.15072222,0.89817456
0.15077778,0.90718468
0.15083333,0.91579688
0.15088889,0.92400738
0.15094444,0.93181258
0.15100000,0.93920906
0.15105556,0.94619357
0.15111111,0.95276304
0.15116667,0.95891460
0.15122222,0.96464556
0.15127778,0.96995338
0.15133333,0.97483575
0.15138889,0.97929053
0.15144444,0.98331576
0.15150000,0.98690967
0.15155556,0.99007069
0.15161111,0.99279744
0.15166667,0.99508871
0.15172222,0.99694350
0.15177778,0.99836100
0.15183333,0.99934058
0.15188889,0.99988183
0.15194444,0.99998449
0.15200000,0.99964852
0.15205556,0.99887408
0.15211111,0.99766149
0.15216667,0.99601130
0.15222222,0.99392422
0.15227778,0.99140118
0.15233333,0.98844328
0.15238889,0.98505181
0.15244444,0.98122826
0.15250000,0.97697432
0.15255556,0.97229184
0.15261111,0.96718289
0.15266667,0.96164969
0.15272222,0.95569469
0.15277778,0.94932048
0.15283333,0.94252987
0.15288889,0.93532584
0.15294444,0.92771154
0.15300000,0.91969032
0.15305556,0.91126569
0.15311111,0.90244135
0.15316667,0.89322117
0.15322222,0.88360919
0.15327778,0.87360963
0.15333333,0.86322688
0.15338889,0.85246549
0.15344444,0.84133018
0.15350000,0.82982583
0.15355556,0.81795749
0.15361111,0.80573038
0.15366667,0.79314984
0.15372222,0.78022140
0.15377778,0.76695072
0.15383333,0.75334364
0.15388889,0.73940612
0.15394444,0.72514427
0.15400000,0.71056435
0.15405556,0.69567275
0.15411111,0.68047600
0.15416667,0.66498078
0.15422222,0.64919387
0.15427778,0.63312221
0.15433333,0.61677283
0.15438889,0.60015292
0.15444444,0.58326977
0.15450000,0.56613077
0.15455556,0.54874344
0.15461111,0.53111543
0.15466667,0.51325444
0.15472222,0.49516833
0.15477778,0.47686502
0.15483333,0.45835254
0.15488889,0.43963901
0.15494444,0.42073264
0.15500000,0.40164172
0.15505556,0.38237463
0.15511111,0.36293982
0.15516667,0.34334581
0.15522222,0.32360120
0.15527778,0.30371465
0.15533333,0.28369487
0.15538889,0.26355066
0.15544444,0.24329085
0.15550000,0.22292432
0.15555556,0.20246001
0.15561111,0.18190689
0.15566667,0.16127399
0.15572222,0.14057034
0.15577778,0.11980503
0.15583333,0.09898718
0.15588889,0.07812590
0.15594444,0.05723036
0.15600000,0.03630971
0.15605556,0.01537314
0.15611111,-0.00557018
0.15616667,-0.02651105
0.15622222,-0.04744030
0.15627778,-0.06834873
0.15633333,-0.08922719
0.15638889,-0.11006651
0.15644444,-0.13085754
0.15650000,-0.15159119
0.15655556,-0.17225833
0.15661111,-0.19284992
0.15666667,-0.21335692
0.15672222,-0.23377034
0.15677778,-0.25408121
0.15683333,-0.27428064
0.15688889,-0.29435975
0.15694444,-0.31430975
0.15700000,-0.33412189
0.15705556,-0.35378747
0.15711111,-0.37329786
0.15716667,-0.39264452
0.15722222,-0.41181894
0.15727778,-0.43081273
0.15733333,-0.44961756
0.15738889,-0.46822516
0.15744444,-0.48662738
0.15750000,-0.50481616
0.15755556,-0.52278350
0.15761111,-0.54052154
0.15766667,-0.55802248
0.15772222,-0.57527866
0.15777778,-0.59228250
0.15783333,-0.60902655
0.15788889,-0.62550346
0.15794444,-0.64170600
0.15800000,-0.65762706
0.15805556,-0.67325967
0.15811111,-0.68859697
0.15816667,-0.70363223
0.15822222,-0.71835884
0.15827778,-0.73277037
0.15833333,-0.74686047
0.15838889,-0.76062298
0.15844444,-0.77405185
0.15850000,-0.78714120
0.15855556,-0.79988529
0.15861111,-0.81227851
0.15866667,-0.82431545
0.15872222,-0.83599081
0.15877778,-0.84729948
0.15883333,-0.85823649
0.15888889,-0.86879706
0.15894444,-0.87897654
0.15900000,-0.88877047
0.15905556,-0.89817456
0.15911111,-0.90718468
0.15916667,-0.91579688
0.15922222,-0.92400738
0.15927778,-0.93181258
0.15933333,-0.93920906
0.15938889,-0.94619357
0.15944444,-0.95276304
0.15950000,-0.95891460
0.15955556,-0.96464556
0.15961111,-0.96995338
0.15966667,-0.97483575
0.15972222,-0.97929053
0.15977778,-0.98331576
0.15983333,-0.98690967
0.15988889,-0.99007069
0.15994444,-0.99279744
0.16000000,-0.99508871
0.16005556,-0.99694350
0.16011111,-0.99836100
0.16016667,-0.99934058
0.16022222,-0.99988183
0.16027778,-0.99998449
0.16033333,-0.99964852
0.16038889,-0.99887408
0.16044444,-0.99766149
0.16050000,-0.99601130
0.16055556,-0.99392422
0.16061111,-0.99140118
0.16066667,-0.98844328
0.16072222,-0.98505181
0.16077778,-0.98122826
0.16083333,-0.97697432
0.16088889,-0.97229184
0.16094444,-0.96718289
0.16100000,-0.96164969
0.16105556,-0.95569469
0.16111111,-0.94932048
0.16116667,-0.94252987
0.16122222,-0.93532584
0.16127778,-0.92771154
0.16133333,-0.91969032
0.16138889,-0.91126569
0.16144444,-0.90244135
0.16150000,-0.89322117
0.16155556,-0.88360919
0.16161111,-0.87360963
0.16166667,-0.86322688
0.16172222,-0.85246549
0.16177778,-0.84133018
0.16183333,-0.82982583
0.16188889,-0.81795749
0.16194444,-0.80573038
0.16200000,-0.79314984
0.16205556,-0.78022140
0.16211111,-0.76695072
0.16216667,-0.75334364
0.16222222,-0.73940612
0.16227778,-0.72514427
0.16233333,-0.71056435
0.16238889,-0.69567275
0.16244444,-0.68047600
0.16250000,-0.66498078
0.16255556,-0.64919387
0.16261111,-0.63312221
0.16266667,-0.61677283
0.16272222,-0.60015292
0.16277778,-0.58326977
0.16283333,-0.56613077
0.16288889,-0.54874344
0.16294444,-0.53111543
0.16300000,-0.51325444
0.16305556,-0.49516833
0.16311111,-0.47686502
0.16316667,-0.45835254
0.16322222,-0.43963901
0.16327778,-0.42073264
0.16333333,-0.40164172
0.16338889,-0.38237463
0.16344444,-0.36293982
0.16350000,-0.34334581
0.16355556,-0.32360120
0.16361111,-0.30371465
0.16366667,-0.28369487
0.16372222,-0.26355066
0.16377778,-0.24329085
0.16383333,-0.22292432
0.16388889,-0.20246001
0.16394444,-0.18190689
0.16400000,-0.16127399
0.16405556,-0.14057034
0.16411111,-0.11980503
0.16416667,-0.09898718
0.16422222,-0.07812590
0.16427778,-0.05723036
0.16433333,-0.03630971
0.16438889,-0.01537314
0.16444444,0.00557018
0.16450000,0.02651105
0.16455556,0.04744030
0.16461111,0.06834873
0.16466667,0.08922719
0.16472222,0.11006651
0.16477778,0.13085754
0.16483333,0.15159119
0.16488889,0.17225833
0.16494444,0.19284992
0.16500000,0.21335692
0.16505556,0.23377034
0.16511111,0.25408121
0.16516667,0.27428064
0.16522222,0.29435975
0.16527778,0.31430975
0.16533333,0.33412189
0.16538889,0.35378747
0.16544444,0.37329786
0.16550000,0.39264452
0.16555556,0.41181894
0.16561111,0.43081273
0.16566667,0.44961756
0.16572222,0.46822516
0.16577778,0.48662738
0.16583333,0.50481616
0.16588889,0.52278350
0.16594444,0.54052154
0.16600000,0.55802248
0.16605556,0.57527866
0.16611111,0.59228250
0.16616667,0.60902655
0.16622222,0.62550346
0.16627778,0.64170600
0.16633333,0.65762706
0.16638889,0.67325967
0.16644444,0.68859697
0.16650000,0.70363223
0.16655556,0.71835884
0.16661111,0.73277037
